

insert into user (id, Name,age, email, userName, nbrEmpr) values (1,'amira','28','amirafahem1920@gmail.com','amira_fahem', 15);
insert into user (id, Name,age, email, userName, nbrEmpr) values (2,'ahlem','22','ahlem.fahem98@gmail.com','ahlem123',10);
insert into user (id, Name,age, email, userName,nbrEmpr)values (3,'lamya','22','lamya.rayess1@gmail.com','lamia.rayess', 5);
insert into user (id, Name,age, email, userName,nbrEmpr) values (4,'hanen','23','hanen_mansour@gmail.com','hanen1997', 35);
insert into user (id, Name,age, email, userName, nbrEmpr) values (5,'ines','20','ines.loulou123@gmail.com','inesnoussa',20);

insert into books (book_id, title, isbn, category, user_id) values (1,'the fault in our stars', '2-7654-1005-4', 'Amour', 3);
insert into books (book_id, title, isbn, category, user_id) values (2,'citadel', '4-7144-1775-4', 'Aventure', 1);
insert into books (book_id, title, isbn, category, user_id) values (3,'Le chat Tome', '3-0054-1105-4', 'enfants', 5);
insert into books (book_id, title, isbn, category, user_id) values (4,'Bla bla bla Tome', '4-7004-1111-5', 'humour', 4);
insert into books (book_id, title, isbn, category, user_id) values (5,'magnificat', '3-0054-4422-1', 'classique', 2);
insert into books (book_id, title, isbn, category, user_id) values (6,'Chonchon', '1-8854-2545-3', 'jeunesse', 5);
insert into books (book_id, title, isbn, category, user_id) values (7,'La tarentule', '2-9874-8755-7', 'comics', 3);
insert into books (book_id, title, isbn, category, user_id) values (8,'Darkness Tome', '7-1024-9855-2', 'policier', 1);
insert into books (book_id, title, isbn, category, user_id) values (9,'Ramsès Tome IV : La dame Abou Simbel', '8-3524-1115-1', 'historique', 5);
insert into books (book_id, title, isbn, category, user_id) values (10,'Le Masque', '6-9204-0005-4', 'Cinéma', 2);

insert into comments (comment_id, content, title, book_id, user_id) values (1,'seems Great', 'motivated');
insert into comments (comment_id, content, title, book_id, user_id) values (2,'i Like it', 'grateful');
insert into comments (comment_id, content, title, book_id, user_id) values (3,'Amazing book', 'Avis');
insert into comments (comment_id, content, title, book_id, user_id) values (4, 'i dislike its too long', 'too long');
insert into comments (comment_id, content, title, book_id, user_id) values (5,'Good book', 'Avis');
